date,basket,momentum_long_only
2021-09-20 00:00:00+00:00,-0.01099587,-0.02597389
2021-09-21 00:00:00+00:00,-0.00096231,-0.00469740
2021-09-22 00:00:00+00:00,0.00516971,0.01239895
2021-09-23 00:00:00+00:00,0.00443721,0.01575190
2021-09-24 00:00:00+00:00,0.00202378,0.00462394
2021-09-27 00:00:00+00:00,0.01052742,0.02168008
2021-09-28 00:00:00+00:00,-0.00718622,-0.01396071
2021-09-29 00:00:00+00:00,-0.00688419,-0.00919955
2021-09-30 00:00:00+00:00,0.00275353,0.00588216
2021-10-01 00:00:00+00:00,0.00133310,0.00290290
2021-10-04 00:00:00+00:00,-0.00018998,-0.00255013
2021-10-05 00:00:00+00:00,0.00901462,0.01926054
2021-10-06 00:00:00+00:00,-0.00615500,-0.01531299
2021-10-07 00:00:00+00:00,0.00267636,0.00920085
2021-10-08 00:00:00+00:00,-0.00170641,-0.00459496
2021-10-11 00:00:00+00:00,-0.00378107,-0.00536581
2021-10-12 00:00:00+00:00,-0.00032090,0.00178923
2021-10-13 00:00:00+00:00,0.00193982,0.00281182
2021-10-14 00:00:00+00:00,0.01085146,0.01506934
2021-10-15 00:00:00+00:00,-0.00072596,-0.00003350
2021-10-18 00:00:00+00:00,-0.00300711,-0.00469522
2021-10-19 00:00:00+00:00,0.00436657,0.00635307
2021-10-20 00:00:00+00:00,0.00547265,0.00809697
2021-10-21 00:00:00+00:00,-0.00251012,-0.00303848
2021-10-22 00:00:00+00:00,0.00374518,0.00566908
2021-10-25 00:00:00+00:00,0.01067691,0.01519915
2021-10-26 00:00:00+00:00,0.00069411,0.00106587
2021-10-27 00:00:00+00:00,0.00232550,-0.00353545
2021-10-28 00:00:00+00:00,-0.00172152,0.00516964
2021-10-29 00:00:00+00:00,-0.00227533,-0.00168996
2021-11-01 00:00:00+00:00,0.00056606,0.00710486
2021-11-02 00:00:00+00:00,0.00503828,0.00703349
2021-11-03 00:00:00+00:00,-0.00385274,0.00249998
2021-11-04 00:00:00+00:00,0.00252223,-0.00025136
2021-11-05 00:00:00+00:00,0.00090447,0.00502118
2021-11-08 00:00:00+00:00,-0.00057070,-0.00014199
2021-11-09 00:00:00+00:00,-0.00178636,-0.00649500
2021-11-10 00:00:00+00:00,-0.00532333,-0.01367034
2021-11-11 00:00:00+00:00,0.00578089,0.00862576
2021-11-12 00:00:00+00:00,-0.00151619,-0.00232318
2021-11-15 00:00:00+00:00,0.00277317,0.00285457
2021-11-16 00:00:00+00:00,0.00047651,0.00436187
2021-11-17 00:00:00+00:00,-0.00395923,-0.01301791
2021-11-18 00:00:00+00:00,0.00056776,0.00511518
2021-11-19 00:00:00+00:00,-0.00109353,-0.00395562
2021-11-22 00:00:00+00:00,-0.00775146,-0.00739950
2021-11-23 00:00:00+00:00,0.00074051,0.00552236
2021-11-24 00:00:00+00:00,0.00149245,0.00271462
2021-11-26 00:00:00+00:00,-0.00819609,-0.03090740
2021-11-29 00:00:00+00:00,-0.00628760,0.00190957
2021-11-30 00:00:00+00:00,-0.01367331,-0.02480701
2021-12-01 00:00:00+00:00,-0.00879919,-0.01516873
2021-12-02 00:00:00+00:00,0.00203852,0.00759003
2021-12-03 00:00:00+00:00,0.00270035,-0.00608141
2021-12-06 00:00:00+00:00,-0.00325405,0.00461664
2021-12-07 00:00:00+00:00,0.00905276,0.02336297
2021-12-08 00:00:00+00:00,0.00259821,0.00475119
2021-12-09 00:00:00+00:00,-0.00433962,-0.00899723
2021-12-10 00:00:00+00:00,0.00462754,0.01035487
2021-12-13 00:00:00+00:00,-0.00550831,-0.01193762
2021-12-14 00:00:00+00:00,-0.00400288,-0.00652947
2021-12-15 00:00:00+00:00,0.00335438,0.01365478
2021-12-16 00:00:00+00:00,0.00371751,-0.00813477
2021-12-17 00:00:00+00:00,-0.00283821,-0.00921274
2021-12-20 00:00:00+00:00,-0.00511689,-0.01059712
2021-12-21 00:00:00+00:00,0.00973746,0.02124399
2021-12-22 00:00:00+00:00,0.00833901,0.01301774
2021-12-23 00:00:00+00:00,0.00018257,0.00287167
2021-12-27 00:00:00+00:00,0.01294154,0.02131774
2021-12-28 00:00:00+00:00,-0.00059046,-0.00305423
2021-12-29 00:00:00+00:00,-0.00139051,0.00109786
2021-12-30 00:00:00+00:00,-0.00797688,-0.01160692
2021-12-31 00:00:00+00:00,0.00192845,-0.00323138
2022-01-03 00:00:00+00:00,0.00052248,0.00732534
2022-01-04 00:00:00+00:00,0.00258559,0.00037037
2022-01-05 00:00:00+00:00,-0.00222687,-0.01356516
2022-01-06 00:00:00+00:00,-0.00410363,0.00119454
2022-01-07 00:00:00+00:00,0.00036104,-0.00324841
2022-01-10 00:00:00+00:00,0.00088744,0.00025761
2022-01-11 00:00:00+00:00,0.00938523,0.01561460
2022-01-12 00:00:00+00:00,0.01135886,0.01169266
2022-01-13 00:00:00+00:00,-0.01301253,-0.01883897
2022-01-14 00:00:00+00:00,0.00130878,0.00221661
2022-01-18 00:00:00+00:00,-0.00405364,-0.01351378
2022-01-19 00:00:00+00:00,-0.00199599,-0.01017885
2022-01-20 00:00:00+00:00,-0.00521055,-0.01046225
2022-01-21 00:00:00+00:00,-0.00253959,-0.01150671
2022-01-24 00:00:00+00:00,0.00159537,0.00169275
2022-01-25 00:00:00+00:00,-0.00058575,-0.00719696
2022-01-26 00:00:00+00:00,0.00401332,0.00800198
2022-01-27 00:00:00+00:00,0.02208173,0.02212773
2022-01-28 00:00:00+00:00,-0.00979346,0.00224307
2022-01-31 00:00:00+00:00,0.01044062,0.01095970
2022-02-01 00:00:00+00:00,0.00403051,0.00608618
2022-02-02 00:00:00+00:00,0.01171822,0.00988625
2022-02-03 00:00:00+00:00,-0.01415749,-0.01553080
2022-02-04 00:00:00+00:00,-0.00017522,0.00311100
2022-02-07 00:00:00+00:00,-0.00081778,-0.00066575
2022-02-08 00:00:00+00:00,0.00090128,0.00261331
2022-02-09 00:00:00+00:00,0.00382235,0.01002793
2022-02-10 00:00:00+00:00,-0.00773395,-0.01105221
2022-02-11 00:00:00+00:00,0.00022840,0.00295862
2022-02-14 00:00:00+00:00,0.00593679,0.00501465
2022-02-15 00:00:00+00:00,-0.00082033,-0.00760082
2022-02-16 00:00:00+00:00,0.01045975,0.01608373
2022-02-17 00:00:00+00:00,-0.00759664,-0.01034114
2022-02-18 00:00:00+00:00,-0.00049750,-0.00094186
2022-02-22 00:00:00+00:00,0.00241019,0.01188314
2022-02-23 00:00:00+00:00,-0.00073539,0.00412696
2022-02-24 00:00:00+00:00,0.00635380,0.00717193
2022-02-25 00:00:00+00:00,-0.00700804,-0.01859500
2022-02-28 00:00:00+00:00,0.01083481,0.02710578
2022-03-01 00:00:00+00:00,0.01609041,0.03244651
2022-03-02 00:00:00+00:00,0.00590320,0.01339298
2022-03-03 00:00:00+00:00,-0.00191957,-0.00168451
2022-03-04 00:00:00+00:00,0.00988385,0.01215231
2022-03-07 00:00:00+00:00,-0.00965573,-0.00935045
2022-03-08 00:00:00+00:00,0.00144624,0.00601350
2022-03-09 00:00:00+00:00,-0.00810970,-0.01736285
2022-03-10 00:00:00+00:00,0.00331335,0.00503975
2022-03-11 00:00:00+00:00,-0.00143333,0.00256175
2022-03-14 00:00:00+00:00,-0.01496668,-0.02281917
2022-03-15 00:00:00+00:00,0.00018217,-0.01013459
2022-03-16 00:00:00+00:00,0.00377975,-0.01306690
2022-03-17 00:00:00+00:00,0.01888372,0.02928555
2022-03-18 00:00:00+00:00,-0.00267161,-0.00314259
2022-03-21 00:00:00+00:00,0.00720553,0.02058272
2022-03-22 00:00:00+00:00,0.00445152,0.00640554
2022-03-23 00:00:00+00:00,0.00396872,0.00494823
2022-03-24 00:00:00+00:00,0.00471565,-0.00214345
2022-03-25 00:00:00+00:00,0.00173860,0.00832635
2022-03-28 00:00:00+00:00,-0.00709012,-0.01598632
2022-03-29 00:00:00+00:00,-0.00199639,-0.00966077
2022-03-30 00:00:00+00:00,0.00699309,0.01190074
2022-03-31 00:00:00+00:00,-0.00697087,-0.01728418
2022-04-01 00:00:00+00:00,-0.00498482,-0.00993166
2022-04-04 00:00:00+00:00,0.00651886,0.01558007
2022-04-05 00:00:00+00:00,-0.00221071,0.00498265
2022-04-06 00:00:00+00:00,-0.00838651,-0.01281760
2022-04-07 00:00:00+00:00,0.00537034,0.00897240
2022-04-08 00:00:00+00:00,0.00148993,0.00963686
2022-04-11 00:00:00+00:00,-0.00423744,-0.00387707
2022-04-12 00:00:00+00:00,0.00978639,0.01395343
2022-04-13 00:00:00+00:00,0.01091240,0.00600002
2022-04-14 00:00:00+00:00,0.00098313,0.00510833
2022-04-18 00:00:00+00:00,0.00735624,0.01647884
2022-04-19 00:00:00+00:00,-0.00779947,-0.00581805
2022-04-20 00:00:00+00:00,0.00150569,0.01429075
2022-04-21 00:00:00+00:00,-0.00769242,-0.00782611
2022-04-22 00:00:00+00:00,-0.01455651,-0.00575261
2022-04-25 00:00:00+00:00,0.00031016,-0.00095675
2022-04-26 00:00:00+00:00,-0.00580645,0.00039611
2022-04-27 00:00:00+00:00,0.00322794,0.00485619
2022-04-28 00:00:00+00:00,0.00231282,0.00354715
2022-04-29 00:00:00+00:00,-0.00502061,0.01252209
2022-05-02 00:00:00+00:00,-0.00105995,-0.00648045
2022-05-03 00:00:00+00:00,0.00229875,-0.00320046
2022-05-04 00:00:00+00:00,0.01472072,0.00711964
2022-05-05 00:00:00+00:00,-0.00721078,0.00029093
2022-05-06 00:00:00+00:00,-0.01032293,-0.00229390
2022-05-09 00:00:00+00:00,-0.02360623,-0.01342421
2022-05-10 00:00:00+00:00,0.00203992,-0.00065187
2022-05-11 00:00:00+00:00,0.00405887,0.01144317
2022-05-12 00:00:00+00:00,-0.00003158,0.00206015
2022-05-13 00:00:00+00:00,0.00649133,0.00118996
2022-05-16 00:00:00+00:00,0.00559683,0.00338476
2022-05-17 00:00:00+00:00,0.00724372,-0.00093525
2022-05-18 00:00:00+00:00,-0.01090460,-0.00495838
2022-05-19 00:00:00+00:00,0.00156951,-0.00133523
2022-05-20 00:00:00+00:00,0.00088458,0.00002719
2022-05-23 00:00:00+00:00,0.00631376,0.00104398
2022-05-24 00:00:00+00:00,0.00038886,-0.00266975
2022-05-25 00:00:00+00:00,0.00284166,-0.00452636
2022-05-26 00:00:00+00:00,0.00829757,0.00755889
2022-05-27 00:00:00+00:00,0.00785956,0.00260615
2022-05-31 00:00:00+00:00,-0.01159696,-0.00977808
2022-06-01 00:00:00+00:00,0.00118472,0.00323653
2022-06-02 00:00:00+00:00,0.00752962,0.00996929
2022-06-03 00:00:00+00:00,-0.00513832,-0.00325585
2022-06-06 00:00:00+00:00,0.00621722,0.01025390
2022-06-07 00:00:00+00:00,0.00784461,0.01270480
2022-06-08 00:00:00+00:00,-0.00430089,0.00484363
2022-06-09 00:00:00+00:00,-0.00274526,0.01195542
2022-06-10 00:00:00+00:00,-0.01091432,-0.00352640
2022-06-13 00:00:00+00:00,-0.02100510,-0.00412462
2022-06-14 00:00:00+00:00,-0.01665304,-0.01177433
2022-06-15 00:00:00+00:00,0.00707984,0.00352052
2022-06-16 00:00:00+00:00,-0.00161357,0.00202513
2022-06-17 00:00:00+00:00,-0.00872292,-0.01715022
2022-06-21 00:00:00+00:00,0.00387276,0.00362080
2022-06-22 00:00:00+00:00,-0.00179501,-0.00059097
2022-06-23 00:00:00+00:00,-0.00829705,-0.01788357
2022-06-24 00:00:00+00:00,0.00914333,0.00126896
2022-06-27 00:00:00+00:00,0.00329006,0.00545308
2022-06-28 00:00:00+00:00,-0.00211388,0.01086241
2022-06-29 00:00:00+00:00,-0.00021964,0.00385854
2022-06-30 00:00:00+00:00,-0.01741402,-0.01411006
2022-07-01 00:00:00+00:00,0.00503546,-0.00139931
2022-07-05 00:00:00+00:00,-0.01164773,-0.01899574
2022-07-06 00:00:00+00:00,-0.00390070,0.00026933
2022-07-07 00:00:00+00:00,0.01533708,0.01362898
2022-07-08 00:00:00+00:00,0.00204596,0.01144272
2022-07-11 00:00:00+00:00,0.00144586,0.00554485
2022-07-12 00:00:00+00:00,-0.01592956,-0.02080199
2022-07-13 00:00:00+00:00,0.00643793,0.00276124
2022-07-14 00:00:00+00:00,-0.00965169,-0.00468881
2022-07-15 00:00:00+00:00,-0.00178212,-0.02842192
2022-07-18 00:00:00+00:00,0.00885519,0.01119182
2022-07-19 00:00:00+00:00,0.00352601,-0.00670545
2022-07-20 00:00:00+00:00,0.00613199,-0.00230955
2022-07-21 00:00:00+00:00,-0.00298146,-0.01270970
2022-07-22 00:00:00+00:00,-0.00002287,-0.00531968
2022-07-25 00:00:00+00:00,0.00590857,0.00993851
2022-07-26 00:00:00+00:00,0.00397033,0.01155314
2022-07-27 00:00:00+00:00,0.00876045,0.00897818
2022-07-28 00:00:00+00:00,0.00792339,-0.00036065
2022-07-29 00:00:00+00:00,0.00759394,-0.00080084
2022-08-01 00:00:00+00:00,-0.00404635,-0.01493347
2022-08-02 00:00:00+00:00,-0.01061729,-0.01656280
2022-08-03 00:00:00+00:00,0.00429256,0.00587405
2022-08-04 00:00:00+00:00,0.00384135,0.00804617
2022-08-05 00:00:00+00:00,-0.00293486,-0.00331578
2022-08-08 00:00:00+00:00,-0.00038047,0.00770617
2022-08-09 00:00:00+00:00,0.00544479,0.01077617
2022-08-10 00:00:00+00:00,0.01130801,0.00673972
2022-08-11 00:00:00+00:00,0.00570028,0.00328848
2022-08-12 00:00:00+00:00,0.00242989,-0.00428012
2022-08-15 00:00:00+00:00,-0.00908379,-0.02361959
2022-08-16 00:00:00+00:00,-0.00300879,-0.00732376
2022-08-17 00:00:00+00:00,-0.00237299,0.00902230
2022-08-18 00:00:00+00:00,0.00258452,0.00826538
2022-08-19 00:00:00+00:00,-0.00602631,0.00545238
2022-08-22 00:00:00+00:00,-0.00339597,0.01276919
2022-08-23 00:00:00+00:00,0.00317693,0.01276074
2022-08-24 00:00:00+00:00,0.00191382,-0.00006979
2022-08-25 00:00:00+00:00,0.00320925,-0.00358688
2022-08-26 00:00:00+00:00,-0.00788534,0.00621286
2022-08-29 00:00:00+00:00,-0.00235086,0.00440874
2022-08-30 00:00:00+00:00,-0.01025099,-0.00715108
2022-08-31 00:00:00+00:00,-0.00552208,-0.00302977
2022-09-01 00:00:00+00:00,-0.00733235,-0.00766500
2022-09-02 00:00:00+00:00,-0.00127701,0.00630324
2022-09-06 00:00:00+00:00,-0.00778467,-0.00336778
2022-09-07 00:00:00+00:00,0.00069464,-0.00212846
2022-09-08 00:00:00+00:00,0.00443850,0.00599304
2022-09-09 00:00:00+00:00,0.01147372,0.01181349
2022-09-12 00:00:00+00:00,0.01316817,0.00896422
2022-09-13 00:00:00+00:00,-0.01434157,-0.00269173
2022-09-14 00:00:00+00:00,0.00594386,0.01165708
2022-09-15 00:00:00+00:00,-0.01865123,-0.02821881
2022-09-16 00:00:00+00:00,-0.00630847,-0.00358105
2022-09-19 00:00:00+00:00,0.00347378,0.00034677
2022-09-20 00:00:00+00:00,-0.00344918,0.00478321
2022-09-21 00:00:00+00:00,-0.00549223,-0.00365705
2022-09-22 00:00:00+00:00,-0.01070770,-0.00282683
2022-09-23 00:00:00+00:00,-0.01673796,-0.02229070
2022-09-26 00:00:00+00:00,-0.01258715,-0.00218432
2022-09-27 00:00:00+00:00,-0.00270318,0.00342928
2022-09-28 00:00:00+00:00,0.01690862,0.00930793
2022-09-29 00:00:00+00:00,-0.00623643,-0.00226842
2022-09-30 00:00:00+00:00,-0.00340398,-0.00679841
2022-10-03 00:00:00+00:00,0.01504038,0.00641179
2022-10-04 00:00:00+00:00,0.01867831,0.00863947
2022-10-05 00:00:00+00:00,-0.00207509,-0.00119243
2022-10-06 00:00:00+00:00,-0.00370335,0.00018999
2022-10-07 00:00:00+00:00,-0.00919392,0.00840683
2022-10-10 00:00:00+00:00,-0.00886337,0.00081497
2022-10-11 00:00:00+00:00,-0.00095411,-0.00095605
2022-10-12 00:00:00+00:00,-0.00454514,-0.00148023
2022-10-13 00:00:00+00:00,0.01134565,0.00974913
2022-10-14 00:00:00+00:00,-0.01523493,-0.00907606
2022-10-17 00:00:00+00:00,0.00480516,-0.00185991
2022-10-18 00:00:00+00:00,-0.00167861,-0.00764660
2022-10-19 00:00:00+00:00,-0.00636110,0.00084374
2022-10-20 00:00:00+00:00,-0.00264809,0.00492703
2022-10-21 00:00:00+00:00,0.00299505,-0.00459178
2022-10-24 00:00:00+00:00,0.00401597,-0.00848011
2022-10-25 00:00:00+00:00,0.01374546,0.01222616
2022-10-26 00:00:00+00:00,0.00314868,0.00019913
2022-10-27 00:00:00+00:00,-0.00326739,-0.01018191
2022-10-28 00:00:00+00:00,0.00761899,0.00551338
2022-10-31 00:00:00+00:00,0.00660119,0.01589169
2022-11-01 00:00:00+00:00,-0.00245135,0.00367793
2022-11-02 00:00:00+00:00,-0.00095427,0.00401096
2022-11-03 00:00:00+00:00,-0.01117584,-0.00904736
2022-11-04 00:00:00+00:00,0.01659164,0.01553307
2022-11-07 00:00:00+00:00,0.00717644,-0.00331832
2022-11-08 00:00:00+00:00,-0.00252969,-0.01351019
2022-11-09 00:00:00+00:00,-0.01089287,-0.01051786
2022-11-10 00:00:00+00:00,0.02229105,0.00212159
2022-11-11 00:00:00+00:00,0.00326705,-0.01091433
2022-11-14 00:00:00+00:00,-0.00272966,-0.01297404
2022-11-15 00:00:00+00:00,0.00497785,0.00866289
2022-11-16 00:00:00+00:00,-0.00129029,-0.00764820
2022-11-17 00:00:00+00:00,-0.00311579,-0.00364157
2022-11-18 00:00:00+00:00,-0.00115256,0.00191005
2022-11-21 00:00:00+00:00,0.00014727,0.00267930
2022-11-22 00:00:00+00:00,0.00494175,0.00659044
2022-11-23 00:00:00+00:00,0.00690467,-0.00037113
2022-11-25 00:00:00+00:00,-0.00219829,-0.01243747
2022-11-28 00:00:00+00:00,-0.00597131,0.00309015
2022-11-29 00:00:00+00:00,0.00335689,0.00496289
2022-11-30 00:00:00+00:00,0.00850978,0.00145038
2022-12-01 00:00:00+00:00,0.00416462,-0.01312063
2022-12-02 00:00:00+00:00,-0.00453335,-0.01675831
2022-12-05 00:00:00+00:00,-0.01927995,-0.01646465
2022-12-06 00:00:00+00:00,-0.00552069,0.00267319
2022-12-07 00:00:00+00:00,0.00460980,0.00257688
2022-12-08 00:00:00+00:00,0.00558423,0.00297586
2022-12-09 00:00:00+00:00,0.00182062,0.00358250
2022-12-12 00:00:00+00:00,0.00642538,0.00065742
2022-12-13 00:00:00+00:00,0.01314733,0.01278547
2022-12-14 00:00:00+00:00,-0.00474373,-0.01059439
2022-12-15 00:00:00+00:00,-0.00391143,0.00179848
2022-12-16 00:00:00+00:00,-0.00605826,0.00517897
2022-12-19 00:00:00+00:00,-0.01160105,-0.01317684
2022-12-20 00:00:00+00:00,-0.00026141,0.00010411
2022-12-21 00:00:00+00:00,0.00461023,-0.00999207
2022-12-22 00:00:00+00:00,-0.01200361,-0.00578867
2022-12-23 00:00:00+00:00,0.00449902,0.00733956
2022-12-27 00:00:00+00:00,0.00239497,0.00667971
2022-12-28 00:00:00+00:00,-0.01014813,-0.00061526
2022-12-29 00:00:00+00:00,0.00427042,-0.00188855
2022-12-30 00:00:00+00:00,-0.00090082,-0.00065042
2023-01-03 00:00:00+00:00,-0.01158187,-0.02568821
2023-01-04 00:00:00+00:00,-0.00070794,-0.00862214
2023-01-05 00:00:00+00:00,-0.01068111,-0.00408812
2023-01-06 00:00:00+00:00,0.01116518,0.00811103
2023-01-09 00:00:00+00:00,0.00650875,0.00047288
2023-01-10 00:00:00+00:00,-0.00270083,-0.00267856
2023-01-11 00:00:00+00:00,0.00636125,0.00094893
2023-01-12 00:00:00+00:00,0.00886325,0.01003621
2023-01-13 00:00:00+00:00,-0.00104999,0.00048168
2023-01-17 00:00:00+00:00,0.00153071,-0.00289336
2023-01-18 00:00:00+00:00,-0.00906108,-0.00491349
2023-01-19 00:00:00+00:00,-0.00241029,0.00087146
2023-01-20 00:00:00+00:00,0.00237893,-0.00084560
2023-01-23 00:00:00+00:00,0.00724490,-0.00246744
2023-01-24 00:00:00+00:00,-0.00173749,0.00759478
2023-01-25 00:00:00+00:00,-0.00282594,0.00184209
2023-01-26 00:00:00+00:00,0.00189682,0.00089947
2023-01-27 00:00:00+00:00,0.00278358,-0.00003853
2023-01-30 00:00:00+00:00,-0.01401951,0.00053329
2023-01-31 00:00:00+00:00,0.00546860,0.00186771
2023-02-01 00:00:00+00:00,-0.00343375,-0.00147410
2023-02-02 00:00:00+00:00,0.00390232,-0.00509853
2023-02-03 00:00:00+00:00,-0.01378836,-0.01258784
2023-02-06 00:00:00+00:00,-0.00204815,0.00614379
2023-02-07 00:00:00+00:00,0.00764572,0.00000839
2023-02-08 00:00:00+00:00,-0.00573356,0.00021290
2023-02-09 00:00:00+00:00,-0.00436831,-0.00645516
2023-02-10 00:00:00+00:00,0.00488785,0.00361645
2023-02-13 00:00:00+00:00,-0.00026180,0.00364542
2023-02-14 00:00:00+00:00,0.00368866,0.00013279
2023-02-15 00:00:00+00:00,-0.00401256,-0.00119311
2023-02-16 00:00:00+00:00,-0.00600624,0.00019072
2023-02-17 00:00:00+00:00,-0.00496858,0.00136181
2023-02-21 00:00:00+00:00,-0.01135918,-0.00111450
2023-02-22 00:00:00+00:00,0.00040356,-0.00213322
2023-02-23 00:00:00+00:00,0.00356098,-0.00558366
2023-02-24 00:00:00+00:00,-0.00305125,-0.00818184
2023-02-27 00:00:00+00:00,0.00699369,0.00314120
2023-02-28 00:00:00+00:00,0.00052225,-0.00397115
2023-03-01 00:00:00+00:00,0.00173784,0.00467053
2023-03-02 00:00:00+00:00,0.00029260,0.00041751
2023-03-03 00:00:00+00:00,0.01402879,0.00415696
2023-03-06 00:00:00+00:00,-0.00924159,-0.00226464
2023-03-07 00:00:00+00:00,-0.00737481,-0.00613057
2023-03-08 00:00:00+00:00,-0.00568445,-0.00184915
2023-03-09 00:00:00+00:00,-0.00637167,-0.00476570
2023-03-10 00:00:00+00:00,-0.00142704,-0.00826000
2023-03-13 00:00:00+00:00,0.01228373,-0.00232303
2023-03-14 00:00:00+00:00,-0.00053625,0.00462091
2023-03-15 00:00:00+00:00,-0.00618486,-0.00247119
2023-03-16 00:00:00+00:00,0.00351845,-0.00040741
2023-03-17 00:00:00+00:00,-0.00075399,0.00435121
2023-03-20 00:00:00+00:00,0.00025002,0.00432694
2023-03-21 00:00:00+00:00,0.00436176,-0.00400073
2023-03-22 00:00:00+00:00,-0.00636624,0.00094567
2023-03-23 00:00:00+00:00,0.00225876,0.00406424
2023-03-24 00:00:00+00:00,0.00458468,0.00425555
2023-03-27 00:00:00+00:00,-0.00161598,-0.00242406
2023-03-28 00:00:00+00:00,0.00172601,0.00225099
2023-03-29 00:00:00+00:00,0.00256898,0.00118106
2023-03-30 00:00:00+00:00,0.00781929,0.00009496
2023-03-31 00:00:00+00:00,0.01259294,0.00279850
2023-04-03 00:00:00+00:00,0.00221159,0.00010634
2023-04-04 00:00:00+00:00,0.00397963,0.00714827
2023-04-05 00:00:00+00:00,0.00049323,0.00137259
2023-04-06 00:00:00+00:00,-0.00591922,-0.00305930
2023-04-10 00:00:00+00:00,0.00353038,0.00001665
2023-04-11 00:00:00+00:00,0.00330560,0.00413419
2023-04-12 00:00:00+00:00,-0.00028067,0.00295629
2023-04-13 00:00:00+00:00,0.00195848,0.00813063
2023-04-14 00:00:00+00:00,0.00057086,-0.00554347
2023-04-17 00:00:00+00:00,0.00477603,0.00026627
2023-04-18 00:00:00+00:00,0.00243752,-0.00053517
2023-04-19 00:00:00+00:00,-0.00639606,-0.00037657
2023-04-20 00:00:00+00:00,-0.00209851,0.00080044
2023-04-21 00:00:00+00:00,-0.00244701,-0.00417478
2023-04-24 00:00:00+00:00,0.00168929,0.00269305
2023-04-25 00:00:00+00:00,-0.00459230,-0.00116402
2023-04-26 00:00:00+00:00,-0.01105485,-0.00497714
2023-04-27 00:00:00+00:00,0.00972325,0.00519973
2023-04-28 00:00:00+00:00,0.00802790,0.00173822
2023-05-01 00:00:00+00:00,-0.00300458,0.00274716
2023-05-02 00:00:00+00:00,-0.00650438,0.00282505
2023-05-03 00:00:00+00:00,-0.00308607,-0.00061232
2023-05-04 00:00:00+00:00,-0.00123527,0.00065580
2023-05-05 00:00:00+00:00,0.00673179,-0.00248929
2023-05-08 00:00:00+00:00,0.00443434,0.00229677
2023-05-09 00:00:00+00:00,-0.00169288,-0.00059629
2023-05-10 00:00:00+00:00,-0.00175483,-0.00070994
2023-05-11 00:00:00+00:00,-0.00678764,-0.00767364
2023-05-12 00:00:00+00:00,-0.00141615,-0.00325150
2023-05-15 00:00:00+00:00,-0.00070736,0.00288095
2023-05-16 00:00:00+00:00,-0.00688819,-0.00924265
2023-05-17 00:00:00+00:00,0.00096763,0.00706720
2023-05-18 00:00:00+00:00,0.00451262,0.00209138
2023-05-19 00:00:00+00:00,-0.00179346,0.00297082
2023-05-22 00:00:00+00:00,-0.00074402,-0.00323292
2023-05-23 00:00:00+00:00,-0.00386915,-0.00542609
2023-05-24 00:00:00+00:00,0.00033874,-0.00664690
2023-05-25 00:00:00+00:00,-0.00558301,0.00477885
2023-05-26 00:00:00+00:00,0.00391254,0.01295996
2023-05-30 00:00:00+00:00,0.00038569,0.00259352
2023-05-31 00:00:00+00:00,-0.00217878,-0.00110861
2023-06-01 00:00:00+00:00,0.00359530,0.00616369
2023-06-02 00:00:00+00:00,0.00857815,0.00155186
2023-06-05 00:00:00+00:00,-0.00006151,0.00319865
2023-06-06 00:00:00+00:00,0.00302216,-0.00033605
2023-06-07 00:00:00+00:00,0.00062084,-0.00598347
2023-06-08 00:00:00+00:00,0.00497044,0.00945531
2023-06-09 00:00:00+00:00,-0.00298552,-0.00086022
2023-06-12 00:00:00+00:00,-0.00058667,0.00305382
2023-06-13 00:00:00+00:00,0.00512919,0.00260596
2023-06-14 00:00:00+00:00,-0.00084685,0.00061130
2023-06-15 00:00:00+00:00,0.01496144,0.00809076
2023-06-16 00:00:00+00:00,0.00934054,0.00403890
2023-06-20 00:00:00+00:00,-0.00474473,-0.00595846
2023-06-21 00:00:00+00:00,0.00624976,-0.00526236
2023-06-22 00:00:00+00:00,-0.00408137,0.00120415
2023-06-23 00:00:00+00:00,-0.00196162,-0.00842175
2023-06-26 00:00:00+00:00,-0.00033581,-0.00969142
2023-06-27 00:00:00+00:00,-0.00241977,0.00998600
2023-06-28 00:00:00+00:00,-0.00556150,0.00068170
2023-06-29 00:00:00+00:00,0.00095795,0.00192349
2023-06-30 00:00:00+00:00,0.00689551,0.00883019
2023-07-03 00:00:00+00:00,-0.00151947,0.00013537
2023-07-05 00:00:00+00:00,-0.00254789,0.00021539
2023-07-06 00:00:00+00:00,-0.00587248,-0.01222271
2023-07-07 00:00:00+00:00,0.00058831,0.00144073
2023-07-10 00:00:00+00:00,0.00599478,0.00553038
2023-07-11 00:00:00+00:00,0.00572973,0.00627454
2023-07-12 00:00:00+00:00,0.00199516,0.01246392
2023-07-13 00:00:00+00:00,0.01060484,0.01050653
2023-07-14 00:00:00+00:00,-0.00142191,-0.00094580
2023-07-17 00:00:00+00:00,-0.01137852,0.00268452
2023-07-18 00:00:00+00:00,0.01224502,0.01006953
2023-07-19 00:00:00+00:00,0.00240189,0.00171345
2023-07-20 00:00:00+00:00,-0.00221598,-0.00815163
2023-07-21 00:00:00+00:00,-0.00180355,-0.00308536
2023-07-24 00:00:00+00:00,0.00668461,0.00023176
2023-07-25 00:00:00+00:00,0.00013316,-0.00075277
2023-07-26 00:00:00+00:00,-0.00098575,0.00023218
2023-07-27 00:00:00+00:00,-0.00910846,-0.00658602
2023-07-28 00:00:00+00:00,0.00148004,0.00581359
2023-07-31 00:00:00+00:00,0.00126171,0.00472828
2023-08-01 00:00:00+00:00,-0.00555623,-0.00276147
2023-08-02 00:00:00+00:00,-0.01050990,-0.01209574
2023-08-03 00:00:00+00:00,-0.00049551,-0.00335036
2023-08-04 00:00:00+00:00,0.00296432,-0.00240262
2023-08-07 00:00:00+00:00,0.00174327,0.00357339
2023-08-08 00:00:00+00:00,0.00128751,-0.00681984
2023-08-09 00:00:00+00:00,0.00229824,-0.00610892
2023-08-10 00:00:00+00:00,-0.00686658,0.00042649
2023-08-11 00:00:00+00:00,-0.00233158,-0.00100216
2023-08-14 00:00:00+00:00,0.00011370,0.00282526
2023-08-15 00:00:00+00:00,-0.01253991,-0.00846756
2023-08-16 00:00:00+00:00,-0.00478812,-0.00641889
2023-08-17 00:00:00+00:00,-0.00060481,-0.00167158
2023-08-18 00:00:00+00:00,0.00175629,-0.00125627
2023-08-21 00:00:00+00:00,0.00236026,0.00495839
2023-08-22 00:00:00+00:00,-0.00278419,0.00277944
2023-08-23 00:00:00+00:00,0.00345186,0.00198225
2023-08-24 00:00:00+00:00,-0.00214493,0.00019842
2023-08-25 00:00:00+00:00,0.00237826,-0.00440602
2023-08-28 00:00:00+00:00,0.00531233,0.00150204
2023-08-29 00:00:00+00:00,0.00424055,0.00581002
2023-08-30 00:00:00+00:00,0.00794509,0.00515547
2023-08-31 00:00:00+00:00,-0.00027495,-0.00322762
2023-09-01 00:00:00+00:00,0.00001079,-0.00023711
2023-09-05 00:00:00+00:00,-0.00811078,-0.00703202
2023-09-06 00:00:00+00:00,-0.00381887,-0.00725122
2023-09-07 00:00:00+00:00,-0.00136817,-0.00316677
2023-09-08 00:00:00+00:00,0.00058203,-0.00046264
2023-09-11 00:00:00+00:00,0.00228630,0.00489916
2023-09-12 00:00:00+00:00,0.00117820,-0.00345591
2023-09-13 00:00:00+00:00,-0.00192937,-0.00094321
2023-09-14 00:00:00+00:00,0.00310369,0.00226751
2023-09-15 00:00:00+00:00,0.00049651,0.00214862
2023-09-18 00:00:00+00:00,0.00126496,0.00124777
2023-09-19 00:00:00+00:00,0.00169754,-0.00188516
2023-09-20 00:00:00+00:00,-0.00207390,-0.00160642
2023-09-21 00:00:00+00:00,-0.01308537,-0.01385565
2023-09-22 00:00:00+00:00,0.00161054,0.00015381
2023-09-25 00:00:00+00:00,-0.00161774,-0.00130841
2023-09-26 00:00:00+00:00,-0.00364032,-0.01079422
2023-09-27 00:00:00+00:00,0.00350441,-0.00392616
2023-09-28 00:00:00+00:00,0.00290818,-0.00126050
2023-09-29 00:00:00+00:00,-0.00470027,-0.00484430
2023-10-02 00:00:00+00:00,-0.00700565,-0.00773916
2023-10-03 00:00:00+00:00,-0.00428893,-0.01090092
2023-10-04 00:00:00+00:00,-0.00207859,-0.00103889
2023-10-05 00:00:00+00:00,0.00451787,-0.00437024
2023-10-06 00:00:00+00:00,0.00712219,0.00868538
2023-10-09 00:00:00+00:00,0.00743431,0.00575300
2023-10-10 00:00:00+00:00,0.00221126,0.00428746
2023-10-11 00:00:00+00:00,-0.00008007,0.00419838
2023-10-12 00:00:00+00:00,-0.00195834,-0.00272164
2023-10-13 00:00:00+00:00,0.00401090,0.00957659
2023-10-16 00:00:00+00:00,-0.00255211,0.00485210
2023-10-17 00:00:00+00:00,-0.00015430,0.00105190
2023-10-18 00:00:00+00:00,-0.00131812,-0.00323510
2023-10-19 00:00:00+00:00,-0.00332096,-0.00416168
2023-10-20 00:00:00+00:00,-0.00363224,-0.00362293
2023-10-23 00:00:00+00:00,-0.00333409,-0.00347056
2023-10-24 00:00:00+00:00,0.00158458,0.00399756
2023-10-25 00:00:00+00:00,-0.00488701,-0.00766881
2023-10-26 00:00:00+00:00,0.00070363,-0.00835036
2023-10-27 00:00:00+00:00,0.00064245,-0.00019137
2023-10-30 00:00:00+00:00,0.00388799,0.00654926
2023-10-31 00:00:00+00:00,0.00374804,0.00076519
2023-11-01 00:00:00+00:00,0.00156071,0.00190056
2023-11-02 00:00:00+00:00,0.00784846,0.00699067
2023-11-03 00:00:00+00:00,0.00673632,0.00515096
2023-11-06 00:00:00+00:00,-0.00457089,0.00356804
2023-11-07 00:00:00+00:00,-0.00478977,-0.00092407
2023-11-08 00:00:00+00:00,-0.00177248,-0.00167508
2023-11-09 00:00:00+00:00,-0.00607453,-0.00025098
2023-11-10 00:00:00+00:00,0.00151842,-0.00194592
2023-11-13 00:00:00+00:00,0.00832353,0.00142330
2023-11-14 00:00:00+00:00,0.01103547,0.01379697
2023-11-15 00:00:00+00:00,0.00100320,0.00609085
2023-11-16 00:00:00+00:00,-0.00320591,0.00450864
2023-11-17 00:00:00+00:00,-0.00126637,-0.00154243
2023-11-20 00:00:00+00:00,0.00305015,0.00022722
2023-11-21 00:00:00+00:00,-0.00037497,-0.00104073
2023-11-22 00:00:00+00:00,0.00023567,-0.00018456
2023-11-23 00:00:00+00:00,0.00057669,0.00304922
2023-11-24 00:00:00+00:00,-0.00296758,0.00314545
2023-11-27 00:00:00+00:00,-0.00057676,0.00306469
2023-11-28 00:00:00+00:00,0.00104540,0.00394852
2023-11-29 00:00:00+00:00,0.00569684,0.00347648
2023-11-30 00:00:00+00:00,0.00017611,-0.00064408
2023-12-01 00:00:00+00:00,0.00458112,0.01011441
2023-12-04 00:00:00+00:00,-0.01014460,-0.01491196
2023-12-05 00:00:00+00:00,0.00029464,0.00008990
2023-12-06 00:00:00+00:00,-0.00794240,-0.00208514
2023-12-07 00:00:00+00:00,0.00266862,0.00283912
2023-12-08 00:00:00+00:00,-0.00342637,-0.00625948
2023-12-11 00:00:00+00:00,-0.00267045,0.00223423
2023-12-12 00:00:00+00:00,-0.00404532,0.00479789
2023-12-13 00:00:00+00:00,0.00683125,0.00622086
2023-12-14 00:00:00+00:00,0.01236973,0.00118819
2023-12-15 00:00:00+00:00,0.00589240,-0.00377770
2023-12-18 00:00:00+00:00,0.00343808,0.01386479
2023-12-19 00:00:00+00:00,0.00319447,0.00770176
2023-12-20 00:00:00+00:00,-0.00229859,-0.01229492
2023-12-21 00:00:00+00:00,0.00464599,0.00902977
2023-12-22 00:00:00+00:00,0.00194050,0.00357608
2023-12-26 00:00:00+00:00,0.00366615,0.00473894
2023-12-27 00:00:00+00:00,0.00388038,0.00437757
2023-12-28 00:00:00+00:00,-0.00603905,-0.00177181
2023-12-29 00:00:00+00:00,-0.00520731,-0.00463117
2024-01-02 00:00:00+00:00,-0.00522734,-0.00540055
2024-01-03 00:00:00+00:00,-0.00219209,-0.01262952
2024-01-04 00:00:00+00:00,0.00201672,-0.00109507
2024-01-05 00:00:00+00:00,0.00218429,-0.00005839
2024-01-08 00:00:00+00:00,0.00192325,0.00889772
2024-01-09 00:00:00+00:00,0.00461082,-0.00203939
2024-01-10 00:00:00+00:00,-0.00375691,0.00296328
2024-01-11 00:00:00+00:00,0.00171796,0.00143375
2024-01-12 00:00:00+00:00,0.00482469,0.00106008
2024-01-16 00:00:00+00:00,-0.01124633,-0.00282197
2024-01-17 00:00:00+00:00,-0.00636473,-0.00207530
2024-01-18 00:00:00+00:00,0.00116328,0.00773665
2024-01-19 00:00:00+00:00,-0.00125944,0.00808142
2024-01-22 00:00:00+00:00,0.00082237,0.00087919
2024-01-23 00:00:00+00:00,0.00042728,0.00084676
2024-01-24 00:00:00+00:00,0.00662472,-0.00066378
2024-01-25 00:00:00+00:00,0.00137391,0.00237300
2024-01-26 00:00:00+00:00,0.00136571,-0.00061549
2024-01-29 00:00:00+00:00,-0.00278530,0.00751241
2024-01-30 00:00:00+00:00,-0.00770446,-0.00266739
2024-01-31 00:00:00+00:00,-0.00328881,-0.00644995
2024-02-01 00:00:00+00:00,0.00023429,0.00717679
2024-02-02 00:00:00+00:00,-0.00366048,0.00268980
2024-02-05 00:00:00+00:00,-0.00408157,0.00011314
2024-02-06 00:00:00+00:00,-0.00056536,0.00201542
2024-02-07 00:00:00+00:00,-0.00111223,0.00246790
2024-02-08 00:00:00+00:00,0.00167761,0.00074151
2024-02-09 00:00:00+00:00,-0.00124224,0.00318790
2024-02-12 00:00:00+00:00,-0.00010234,-0.00056222
2024-02-13 00:00:00+00:00,-0.01066588,-0.00991640
2024-02-14 00:00:00+00:00,-0.00307438,0.00644152
2024-02-15 00:00:00+00:00,0.00352134,0.00406681
2024-02-16 00:00:00+00:00,0.00000361,-0.00349956
2024-02-20 00:00:00+00:00,-0.00183353,-0.00049740
2024-02-21 00:00:00+00:00,0.00383759,-0.00125830
2024-02-22 00:00:00+00:00,0.00212346,0.01097222
2024-02-23 00:00:00+00:00,-0.00637573,0.00194976
2024-02-26 00:00:00+00:00,0.00259133,-0.00220368
2024-02-27 00:00:00+00:00,0.00049081,0.00071572
2024-02-28 00:00:00+00:00,0.01018694,-0.00155029
2024-02-29 00:00:00+00:00,0.00174434,0.00378532
2024-03-01 00:00:00+00:00,0.00599205,0.00666768
2024-03-04 00:00:00+00:00,0.00467623,0.00105342
2024-03-05 00:00:00+00:00,-0.00119368,-0.00492397
2024-03-06 00:00:00+00:00,0.00407447,0.00303969
2024-03-07 00:00:00+00:00,0.00142262,0.00682170
2024-03-08 00:00:00+00:00,-0.00132498,-0.00263875
2024-03-11 00:00:00+00:00,-0.00236625,0.00040250
2024-03-12 00:00:00+00:00,-0.00149384,0.00291054
2024-03-13 00:00:00+00:00,0.00115400,0.00342572
2024-03-14 00:00:00+00:00,0.00005717,-0.00343677
2024-03-15 00:00:00+00:00,-0.00207670,-0.00739713
2024-03-18 00:00:00+00:00,0.00648096,0.01818933
2024-03-19 00:00:00+00:00,0.00385612,0.00578715
2024-03-20 00:00:00+00:00,0.00270550,0.00825834
2024-03-21 00:00:00+00:00,0.00207873,0.00463478
2024-03-22 00:00:00+00:00,-0.00501830,-0.00542115
2024-03-25 00:00:00+00:00,-0.00110618,-0.00085809
2024-03-26 00:00:00+00:00,-0.00353431,-0.00216227
2024-03-27 00:00:00+00:00,0.00825062,0.00912759
2024-03-28 00:00:00+00:00,0.00658847,-0.00010411
2024-04-01 00:00:00+00:00,0.00023336,-0.00301205
2024-04-02 00:00:00+00:00,-0.00118915,-0.00685826
2024-04-03 00:00:00+00:00,0.00541923,0.00111677
2024-04-04 00:00:00+00:00,-0.00273257,-0.00976417
2024-04-05 00:00:00+00:00,0.00340016,0.00587994
2024-04-08 00:00:00+00:00,0.00229667,0.00124027
2024-04-09 00:00:00+00:00,0.00153439,0.00139625
2024-04-10 00:00:00+00:00,-0.00538694,-0.00927079
2024-04-11 00:00:00+00:00,-0.00412401,0.00676529
2024-04-12 00:00:00+00:00,-0.00004669,-0.00746379
2024-04-15 00:00:00+00:00,-0.00900564,-0.00535669
2024-04-16 00:00:00+00:00,0.00009057,0.00335142
2024-04-17 00:00:00+00:00,-0.00386804,-0.00379073
2024-04-18 00:00:00+00:00,-0.00064358,-0.00123292
2024-04-19 00:00:00+00:00,0.00235175,-0.00182059
2024-04-22 00:00:00+00:00,0.00286525,-0.00049094
2024-04-23 00:00:00+00:00,0.00194174,0.00574380
2024-04-24 00:00:00+00:00,-0.00689088,-0.00016616
2024-04-25 00:00:00+00:00,-0.00178232,-0.00273618
2024-04-26 00:00:00+00:00,0.00262079,0.00700234
2024-04-29 00:00:00+00:00,0.01824333,0.00796448
2024-04-30 00:00:00+00:00,-0.01193156,-0.01709431
2024-05-01 00:00:00+00:00,-0.00174976,0.00152132
2024-05-02 00:00:00+00:00,0.00965438,0.00220730
2024-05-03 00:00:00+00:00,0.00545577,0.00136493
2024-05-06 00:00:00+00:00,0.01062068,0.00778549
2024-05-07 00:00:00+00:00,0.00043379,0.00204116
2024-05-08 00:00:00+00:00,-0.00281264,0.00093764
2024-05-09 00:00:00+00:00,0.00653082,0.00457075
2024-05-10 00:00:00+00:00,0.00114209,0.00034245
2024-05-13 00:00:00+00:00,0.00417989,0.00079787
2024-05-14 00:00:00+00:00,0.00107478,0.00471241
2024-05-15 00:00:00+00:00,0.01185193,0.00894897
2024-05-16 00:00:00+00:00,0.00098529,-0.00559390
2024-05-17 00:00:00+00:00,0.00755573,0.00888933
2024-05-20 00:00:00+00:00,0.00822427,0.00595514
2024-05-21 00:00:00+00:00,-0.00339075,-0.00082337
2024-05-22 00:00:00+00:00,0.00019413,-0.00713447
2024-05-23 00:00:00+00:00,-0.01145189,-0.01536050
2024-05-24 00:00:00+00:00,-0.00036628,0.00200538
2024-05-28 00:00:00+00:00,0.00570475,0.01225927
2024-05-29 00:00:00+00:00,-0.00862575,-0.00757720
2024-05-30 00:00:00+00:00,-0.00170114,-0.00524557
2024-05-31 00:00:00+00:00,-0.00124381,-0.00438686
2024-06-03 00:00:00+00:00,0.00380626,0.01060392
2024-06-04 00:00:00+00:00,-0.00729069,-0.00924316
2024-06-05 00:00:00+00:00,0.00899896,0.01681231
2024-06-06 00:00:00+00:00,0.00899029,0.00831047
2024-06-07 00:00:00+00:00,-0.00791070,-0.01457104
2024-06-10 00:00:00+00:00,0.00314752,0.00376725
2024-06-11 00:00:00+00:00,0.00366713,0.00326174
2024-06-12 00:00:00+00:00,0.00607802,0.01227574
2024-06-13 00:00:00+00:00,-0.00277444,-0.00843334
2024-06-14 00:00:00+00:00,-0.00278660,0.00504361
2024-06-17 00:00:00+00:00,-0.00207116,0.00156486
2024-06-18 00:00:00+00:00,0.00748206,0.00518645
2024-06-20 00:00:00+00:00,-0.00267816,0.00262457
2024-06-21 00:00:00+00:00,-0.00593448,-0.01029902
2024-06-24 00:00:00+00:00,0.00668687,0.00563690
2024-06-25 00:00:00+00:00,-0.00464323,-0.00154520
2024-06-26 00:00:00+00:00,-0.00535424,-0.00081219
2024-06-27 00:00:00+00:00,0.00230172,0.00448484
2024-06-28 00:00:00+00:00,-0.00493239,-0.00139586
2024-07-01 00:00:00+00:00,-0.00212644,0.00531214
2024-07-02 00:00:00+00:00,0.00165955,0.00282735
2024-07-03 00:00:00+00:00,0.00685382,0.01267294
2024-07-05 00:00:00+00:00,0.00358062,0.00848173
2024-07-08 00:00:00+00:00,-0.00423938,-0.00674805
2024-07-09 00:00:00+00:00,-0.00165700,-0.00062152
2024-07-10 00:00:00+00:00,0.00289903,0.00904175
2024-07-11 00:00:00+00:00,0.00408593,-0.00072552
2024-07-12 00:00:00+00:00,0.00013271,0.00183432
2024-07-15 00:00:00+00:00,-0.00839473,0.00286849
2024-07-16 00:00:00+00:00,0.00824770,0.01133042
2024-07-17 00:00:00+00:00,-0.00691720,-0.01100459
2024-07-18 00:00:00+00:00,-0.00272544,-0.00722868
2024-07-19 00:00:00+00:00,-0.00816386,-0.01346546
2024-07-22 00:00:00+00:00,0.00853261,0.00600623
2024-07-23 00:00:00+00:00,-0.00311289,-0.00073658
2024-07-24 00:00:00+00:00,-0.00871988,-0.01532301
2024-07-25 00:00:00+00:00,-0.00610294,-0.01192851
2024-07-26 00:00:00+00:00,-0.00120961,0.01129331
2024-07-29 00:00:00+00:00,-0.00578032,-0.00066156
2024-07-30 00:00:00+00:00,0.00507047,0.00161904
2024-07-31 00:00:00+00:00,0.00393128,0.01324467
2024-08-01 00:00:00+00:00,-0.00804867,-0.00901160
2024-08-02 00:00:00+00:00,-0.00594826,-0.01478444
2024-08-05 00:00:00+00:00,-0.01068647,-0.02588555
2024-08-06 00:00:00+00:00,0.00206502,0.00523438
2024-08-07 00:00:00+00:00,-0.00161486,-0.00648046
2024-08-08 00:00:00+00:00,0.00845253,0.02118897
2024-08-09 00:00:00+00:00,0.00406678,0.00298219
2024-08-12 00:00:00+00:00,0.00526571,0.00305172
2024-08-13 00:00:00+00:00,0.00045336,0.01171397
2024-08-14 00:00:00+00:00,0.00165314,0.00021830
2024-08-15 00:00:00+00:00,0.00243244,0.01475794
2024-08-16 00:00:00+00:00,-0.00210666,0.00515908
2024-08-19 00:00:00+00:00,0.00693514,0.00633059
2024-08-20 00:00:00+00:00,0.00055272,0.00331968
2024-08-21 00:00:00+00:00,-0.00009188,0.00196892
2024-08-22 00:00:00+00:00,-0.00969903,-0.01015124
2024-08-23 00:00:00+00:00,0.00636640,0.00984209
2024-08-26 00:00:00+00:00,0.00114238,0.00208082
2024-08-27 00:00:00+00:00,-0.00227140,0.00076379
2024-08-28 00:00:00+00:00,-0.00303917,-0.00601548
2024-08-29 00:00:00+00:00,0.00967055,0.00201004
2024-08-30 00:00:00+00:00,-0.00195584,0.00041451
2024-09-03 00:00:00+00:00,-0.00460729,-0.01800645
2024-09-04 00:00:00+00:00,-0.00100753,0.00029655
2024-09-05 00:00:00+00:00,0.00383582,0.00108260
2024-09-06 00:00:00+00:00,-0.00917246,-0.01627468
2024-09-09 00:00:00+00:00,0.00194630,0.01055392
2024-09-10 00:00:00+00:00,-0.00180012,0.00285126
2024-09-11 00:00:00+00:00,0.00519360,0.00805725
2024-09-12 00:00:00+00:00,0.01093061,0.01227366
2024-09-13 00:00:00+00:00,0.00500607,0.00947062
2024-09-16 00:00:00+00:00,0.00783963,0.00113246
2024-09-17 00:00:00+00:00,0.00013242,-0.00185468
2024-09-18 00:00:00+00:00,-0.00220045,-0.00274718
2024-09-19 00:00:00+00:00,0.00806944,0.01786498
2024-09-20 00:00:00+00:00,0.00277997,0.00096086
2024-09-23 00:00:00+00:00,0.00915371,0.00552222
2024-09-24 00:00:00+00:00,0.00320785,0.00883337
2024-09-25 00:00:00+00:00,-0.00029520,-0.00336979
2024-09-26 00:00:00+00:00,-0.00182328,0.00601302
2024-09-27 00:00:00+00:00,0.01006391,-0.00454641
2024-09-30 00:00:00+00:00,-0.00144632,-0.00052651
2024-10-01 00:00:00+00:00,0.00137584,-0.00252710
2024-10-02 00:00:00+00:00,-0.00103543,-0.00050605
2024-10-03 00:00:00+00:00,0.00444688,0.00056539
2024-10-04 00:00:00+00:00,-0.00299205,0.00528020
2024-10-07 00:00:00+00:00,-0.00353370,-0.00823808
2024-10-08 00:00:00+00:00,-0.00721667,-0.00078986
2024-10-09 00:00:00+00:00,-0.00040607,0.00548289
2024-10-10 00:00:00+00:00,0.00119366,-0.00017258
2024-10-11 00:00:00+00:00,0.00317589,0.01043392
2024-10-14 00:00:00+00:00,-0.00628100,0.00270422
2024-10-15 00:00:00+00:00,-0.00418458,-0.00537247
2024-10-16 00:00:00+00:00,-0.00032892,0.00625332
2024-10-17 00:00:00+00:00,-0.00069048,0.00043956
2024-10-18 00:00:00+00:00,-0.00089755,0.00836552
2024-10-21 00:00:00+00:00,0.00322491,0.00050510
2024-10-22 00:00:00+00:00,0.00460808,0.00409834
2024-10-23 00:00:00+00:00,-0.00557347,-0.01346650
2024-10-24 00:00:00+00:00,0.00637596,0.00404785
2024-10-25 00:00:00+00:00,0.00034351,0.00069294
2024-10-28 00:00:00+00:00,-0.00987087,0.00445824
2024-10-29 00:00:00+00:00,0.00193781,0.00396568
2024-10-30 00:00:00+00:00,0.01504423,-0.00072622
2024-10-31 00:00:00+00:00,-0.01043749,-0.02168202
2024-11-01 00:00:00+00:00,-0.00072700,0.00286722
2024-11-04 00:00:00+00:00,0.00571054,-0.00080506
2024-11-05 00:00:00+00:00,0.00235871,0.00956211
2024-11-06 00:00:00+00:00,0.00639786,0.01228384
2024-11-07 00:00:00+00:00,0.00413166,0.00906906
2024-11-08 00:00:00+00:00,-0.00091311,-0.00006423
2024-11-11 00:00:00+00:00,-0.00004395,-0.00689935
2024-11-12 00:00:00+00:00,-0.00420109,-0.00473895
2024-11-13 00:00:00+00:00,-0.00025886,-0.00390612
2024-11-14 00:00:00+00:00,-0.00831684,-0.00709880
2024-11-15 00:00:00+00:00,-0.00342453,-0.01216449
2024-11-18 00:00:00+00:00,0.00777552,0.00689930
2024-11-19 00:00:00+00:00,0.00386765,0.00785563
2024-11-20 00:00:00+00:00,0.00350596,0.00085304
2024-11-21 00:00:00+00:00,0.00465864,0.00708525
2024-11-22 00:00:00+00:00,-0.00025132,0.00865642
2024-11-25 00:00:00+00:00,0.00228056,-0.00841699
2024-11-26 00:00:00+00:00,-0.00020871,0.00150080
2024-11-27 00:00:00+00:00,-0.00442336,-0.00125882
2024-11-29 00:00:00+00:00,0.00757653,0.00605353
2024-12-02 00:00:00+00:00,-0.00328416,0.00129341
2024-12-03 00:00:00+00:00,-0.00129524,-0.00043409
2024-12-04 00:00:00+00:00,0.00166318,0.00620357
2024-12-05 00:00:00+00:00,-0.00041908,-0.00603222
2024-12-06 00:00:00+00:00,0.00156240,0.00399411
2024-12-09 00:00:00+00:00,0.00376884,0.00227491
2024-12-10 00:00:00+00:00,0.00140774,0.00116554
2024-12-11 00:00:00+00:00,0.00800436,0.01051583
2024-12-12 00:00:00+00:00,-0.00604507,-0.01411246
2024-12-13 00:00:00+00:00,-0.00634828,-0.00770678
2024-12-16 00:00:00+00:00,0.00161582,0.00283665
2024-12-17 00:00:00+00:00,-0.00062463,-0.00193853
2024-12-18 00:00:00+00:00,-0.01163805,-0.01776813
2024-12-19 00:00:00+00:00,-0.00187293,-0.00803529
2024-12-20 00:00:00+00:00,0.00588656,0.00627050
2024-12-23 00:00:00+00:00,0.00564580,0.01640886
2024-12-24 00:00:00+00:00,0.00898381,0.01150144
2024-12-26 00:00:00+00:00,-0.00109740,-0.00125420
2024-12-27 00:00:00+00:00,-0.00757721,-0.01389768
2024-12-30 00:00:00+00:00,0.00512644,-0.00285666
2024-12-31 00:00:00+00:00,-0.00379249,-0.00617520
2025-01-02 00:00:00+00:00,0.00300964,0.00530567
2025-01-03 00:00:00+00:00,-0.00521765,0.00139202
2025-01-06 00:00:00+00:00,0.00934482,0.01151383
2025-01-07 00:00:00+00:00,-0.00515692,-0.00583723
2025-01-08 00:00:00+00:00,0.00198592,0.00062765
2025-01-09 00:00:00+00:00,0.00182068,0.00145772
2025-01-10 00:00:00+00:00,0.00592477,-0.00575017
2025-01-13 00:00:00+00:00,0.00000464,-0.00741070
2025-01-14 00:00:00+00:00,0.00076578,0.00121199
2025-01-15 00:00:00+00:00,0.01480510,0.02152030
2025-01-16 00:00:00+00:00,0.00007970,0.00481409
2025-01-17 00:00:00+00:00,-0.00226336,-0.00085502
2025-01-21 00:00:00+00:00,0.00355261,0.00359852
2025-01-22 00:00:00+00:00,0.00254938,0.00860991
2025-01-23 00:00:00+00:00,0.00011335,-0.00163176
2025-01-24 00:00:00+00:00,0.00082063,0.00222947
2025-01-27 00:00:00+00:00,-0.00943418,-0.01939780
2025-01-28 00:00:00+00:00,-0.00183780,0.00380270
2025-01-29 00:00:00+00:00,0.00185172,-0.00068983
2025-01-30 00:00:00+00:00,-0.00390379,0.00813833
2025-01-31 00:00:00+00:00,-0.00510534,-0.00410311
2025-02-03 00:00:00+00:00,0.00754724,0.00766772
2025-02-04 00:00:00+00:00,0.00471543,0.00707273
2025-02-05 00:00:00+00:00,0.00265071,0.00540851
2025-02-06 00:00:00+00:00,-0.00046636,-0.00023859
2025-02-07 00:00:00+00:00,-0.00760162,-0.00686665
2025-02-10 00:00:00+00:00,0.00650264,0.01154609
2025-02-11 00:00:00+00:00,-0.00058276,-0.00014647
2025-02-12 00:00:00+00:00,-0.00139019,0.00150218
2025-02-13 00:00:00+00:00,0.00685525,0.00862084
2025-02-14 00:00:00+00:00,0.00222734,-0.00152389
2025-02-18 00:00:00+00:00,0.00811600,0.01183109
2025-02-19 00:00:00+00:00,0.00296506,0.00194884
2025-02-20 00:00:00+00:00,-0.00234105,-0.00208328
2025-02-21 00:00:00+00:00,-0.00606328,-0.00944713
2025-02-24 00:00:00+00:00,-0.00691045,-0.00778151
2025-02-25 00:00:00+00:00,-0.00124705,-0.00956252
2025-02-26 00:00:00+00:00,-0.00378461,-0.00172239
2025-02-27 00:00:00+00:00,-0.00531833,-0.01660053
2025-02-28 00:00:00+00:00,-0.00286086,-0.01128818
2025-03-03 00:00:00+00:00,-0.00037364,0.00177341
2025-03-04 00:00:00+00:00,-0.00018917,0.00242974
2025-03-05 00:00:00+00:00,0.00627305,0.01102907
2025-03-06 00:00:00+00:00,-0.00301338,-0.01247586
2025-03-07 00:00:00+00:00,0.00181660,0.00089165
2025-03-10 00:00:00+00:00,-0.00582801,-0.01830846
2025-03-11 00:00:00+00:00,-0.00197399,0.00133645
2025-03-12 00:00:00+00:00,-0.00208969,0.00479562
2025-03-13 00:00:00+00:00,-0.00053785,-0.00124001
2025-03-14 00:00:00+00:00,0.00424666,0.01283805
2025-03-17 00:00:00+00:00,0.00478809,0.00236214
2025-03-18 00:00:00+00:00,-0.00049097,-0.00116632
2025-03-19 00:00:00+00:00,0.00536734,0.00602745
2025-03-20 00:00:00+00:00,-0.00243722,-0.00559926
2025-03-21 00:00:00+00:00,-0.00458576,-0.00683069
2025-03-24 00:00:00+00:00,0.00711886,0.01679601
2025-03-25 00:00:00+00:00,-0.00024525,0.00514297
2025-03-26 00:00:00+00:00,-0.00350069,-0.00718663
2025-03-27 00:00:00+00:00,0.00146439,0.00260087
2025-03-28 00:00:00+00:00,0.00081719,-0.00452601
2025-03-31 00:00:00+00:00,0.00342482,0.00459870
2025-04-01 00:00:00+00:00,0.00096797,0.00139063
2025-04-02 00:00:00+00:00,0.00380216,0.00843490
2025-04-03 00:00:00+00:00,-0.02046632,-0.03797141
2025-04-04 00:00:00+00:00,-0.03046202,-0.05435616
2025-04-07 00:00:00+00:00,-0.00887087,-0.00907624
2025-04-08 00:00:00+00:00,-0.00862240,-0.00686759
2025-04-09 00:00:00+00:00,0.03610664,0.06283417
2025-04-10 00:00:00+00:00,-0.00996050,0.00737385
2025-04-11 00:00:00+00:00,0.01014859,0.00427206
2025-04-14 00:00:00+00:00,0.00076082,0.00079698
2025-04-15 00:00:00+00:00,-0.00027126,0.00071572
2025-04-16 00:00:00+00:00,-0.00061503,0.00814978
2025-04-17 00:00:00+00:00,-0.00030145,-0.00552064
2025-04-21 00:00:00+00:00,-0.01149200,-0.00016138
2025-04-22 00:00:00+00:00,0.00807471,0.00040751
2025-04-23 00:00:00+00:00,0.00139121,-0.00350259
2025-04-24 00:00:00+00:00,0.00720397,0.01085663
2025-04-25 00:00:00+00:00,0.00154844,-0.00016753
2025-04-28 00:00:00+00:00,0.00586343,0.00400873
2025-04-29 00:00:00+00:00,0.00180386,0.00025652
2025-04-30 00:00:00+00:00,-0.00501006,-0.00241857
2025-05-01 00:00:00+00:00,0.00181859,-0.00904428
2025-05-02 00:00:00+00:00,0.00559914,0.01085562
2025-05-05 00:00:00+00:00,-0.00537552,0.00402604
2025-05-06 00:00:00+00:00,0.00186795,0.00900307
2025-05-07 00:00:00+00:00,0.00086855,-0.00066970
2025-05-08 00:00:00+00:00,0.00082854,-0.00595673
2025-05-09 00:00:00+00:00,0.00651382,0.00915594
2025-05-12 00:00:00+00:00,0.00453337,0.00081452
2025-05-13 00:00:00+00:00,0.00298588,0.00938381
2025-05-14 00:00:00+00:00,-0.00518741,-0.01129005
2025-05-15 00:00:00+00:00,-0.00122148,0.00170132
2025-05-16 00:00:00+00:00,0.00056056,-0.00195593
2025-05-19 00:00:00+00:00,-0.00269635,0.00044009
2025-05-20 00:00:00+00:00,0.00929264,0.01501436
2025-05-21 00:00:00+00:00,-0.00536789,-0.00241562
2025-05-22 00:00:00+00:00,-0.00253064,-0.00678420
2025-05-23 00:00:00+00:00,0.00173107,0.00705704
2025-05-27 00:00:00+00:00,0.00610675,0.00341633
2025-05-28 00:00:00+00:00,-0.00695832,-0.00781727
2025-05-29 00:00:00+00:00,0.00706998,0.01247730
2025-05-30 00:00:00+00:00,-0.00377591,-0.00703416
2025-06-02 00:00:00+00:00,0.01029781,0.01712640
2025-06-03 00:00:00+00:00,0.00401319,0.00299474
2025-06-04 00:00:00+00:00,0.00143933,0.00154861
2025-06-05 00:00:00+00:00,0.00037414,-0.00628370
2025-06-06 00:00:00+00:00,0.00585855,0.00646107
2025-06-09 00:00:00+00:00,-0.00202495,-0.00198342
2025-06-10 00:00:00+00:00,0.00105386,0.00230196
2025-06-11 00:00:00+00:00,0.00142759,-0.00391153
2025-06-12 00:00:00+00:00,0.00198490,0.00617647
2025-06-13 00:00:00+00:00,0.00523348,0.00131675
2025-06-16 00:00:00+00:00,0.00205261,0.00617913
2025-06-17 00:00:00+00:00,0.00407907,0.00143626
2025-06-18 00:00:00+00:00,0.00233323,0.00146639
2025-06-20 00:00:00+00:00,-0.00399127,-0.00697666
2025-06-23 00:00:00+00:00,-0.00584147,0.00299414
2025-06-24 00:00:00+00:00,-0.00477110,-0.00544424
2025-06-25 00:00:00+00:00,-0.00461816,-0.00166433
2025-06-26 00:00:00+00:00,0.00293116,0.00582510
2025-06-27 00:00:00+00:00,0.00970199,0.00502891
2025-06-30 00:00:00+00:00,-0.00285380,-0.00287922
2025-07-01 00:00:00+00:00,0.00115735,0.00209614
2025-07-02 00:00:00+00:00,0.00790840,0.00671317
2025-07-03 00:00:00+00:00,0.00013483,0.00265454
2025-07-04 00:00:00+00:00,-0.00203571,-0.00306731
2025-07-07 00:00:00+00:00,-0.00367705,-0.00116614
2025-07-08 00:00:00+00:00,-0.00295681,-0.00539498
2025-07-09 00:00:00+00:00,-0.00005792,-0.00067388
2025-07-10 00:00:00+00:00,0.00167971,0.00846205
2025-07-11 00:00:00+00:00,0.00062327,0.00827696
2025-07-14 00:00:00+00:00,0.00291830,0.00288967
2025-07-15 00:00:00+00:00,-0.00581927,-0.00468882
2025-07-16 00:00:00+00:00,0.00415004,0.00353458
2025-07-17 00:00:00+00:00,0.00276821,0.00262869
2025-07-18 00:00:00+00:00,0.00190809,0.00205819
2025-07-21 00:00:00+00:00,-0.00240871,0.00457340
2025-07-22 00:00:00+00:00,-0.00105240,0.00150756
2025-07-23 00:00:00+00:00,-0.00379124,-0.00572239
2025-07-24 00:00:00+00:00,-0.00036796,-0.00209707
2025-07-25 00:00:00+00:00,-0.00226751,-0.00590338
2025-07-28 00:00:00+00:00,-0.00358631,-0.00557710
2025-07-29 00:00:00+00:00,0.00284481,0.00307988
2025-07-30 00:00:00+00:00,-0.00349877,-0.00618301
2025-07-31 00:00:00+00:00,-0.00332838,-0.00583487
2025-08-01 00:00:00+00:00,-0.00267567,0.00137447
2025-08-04 00:00:00+00:00,0.00159028,0.00744374
2025-08-05 00:00:00+00:00,0.00000586,0.00317945
2025-08-06 00:00:00+00:00,0.00118358,0.00645942
2025-08-07 00:00:00+00:00,0.00182808,0.00390930
2025-08-08 00:00:00+00:00,0.00019164,0.00575003
2025-08-11 00:00:00+00:00,-0.00196098,-0.01297727
2025-08-12 00:00:00+00:00,-0.00066724,0.00158777
2025-08-13 00:00:00+00:00,0.00560295,0.00544533
2025-08-14 00:00:00+00:00,-0.00008767,-0.00164579
2025-08-15 00:00:00+00:00,-0.00074951,-0.00270957
2025-08-18 00:00:00+00:00,-0.00007042,-0.00128416
2025-08-19 00:00:00+00:00,-0.00749931,-0.01285886
2025-08-20 00:00:00+00:00,0.00103679,0.00246452
2025-08-21 00:00:00+00:00,0.00299016,0.00004105
2025-08-22 00:00:00+00:00,0.00480673,0.00542051
2025-08-25 00:00:00+00:00,0.00076369,0.00352120
2025-08-26 00:00:00+00:00,-0.00003536,0.00320802
2025-08-27 00:00:00+00:00,0.00486163,0.00702347
2025-08-28 00:00:00+00:00,0.00534438,0.00961084
2025-08-29 00:00:00+00:00,0.00341812,0.00596367
2025-09-02 00:00:00+00:00,0.00275587,0.00733337
2025-09-03 00:00:00+00:00,0.00073071,0.00988498
2025-09-04 00:00:00+00:00,0.00131331,-0.00107794
2025-09-05 00:00:00+00:00,-0.00024750,0.00287657
2025-09-08 00:00:00+00:00,0.00517073,0.00632648
2025-09-09 00:00:00+00:00,-0.00006830,-0.00033763
2025-09-10 00:00:00+00:00,-0.00213041,-0.00189327
2025-09-11 00:00:00+00:00,0.00121694,0.00368388
2025-09-12 00:00:00+00:00,0.00060884,0.00510315
2025-09-15 00:00:00+00:00,0.01120519,0.00898079
2025-09-16 00:00:00+00:00,0.00384723,0.00141676
2025-09-17 00:00:00+00:00,-0.00252613,-0.00498624
2025-09-18 00:00:00+00:00,-0.00311657,-0.00433817
2025-09-19 00:00:00+00:00,-0.00061992,0.00613322
2025-09-22 00:00:00+00:00,0.00175239,0.01530256
2025-09-23 00:00:00+00:00,0.00344922,0.00336374
2025-09-24 00:00:00+00:00,-0.00172768,-0.00767389
2025-09-25 00:00:00+00:00,0.00079326,0.00008084
2025-09-26 00:00:00+00:00,0.00239061,0.01180532
2025-09-29 00:00:00+00:00,0.00992665,0.00568289
2025-09-30 00:00:00+00:00,-0.00159846,0.00140156
2025-10-01 00:00:00+00:00,0.00641120,0.01228237
2025-10-02 00:00:00+00:00,-0.00191792,-0.00710887
2025-10-03 00:00:00+00:00,-0.00197800,-0.00129145
2025-10-06 00:00:00+00:00,0.00689366,0.01663548
2025-10-07 00:00:00+00:00,0.00152270,-0.00043565
2025-10-08 00:00:00+00:00,0.00350486,0.01032080
2025-10-09 00:00:00+00:00,-0.00831352,-0.01393760
2025-10-10 00:00:00+00:00,-0.01323039,-0.01879755
2025-10-13 00:00:00+00:00,0.01167731,0.02870740
2025-10-14 00:00:00+00:00,-0.00063527,-0.00179723
2025-10-15 00:00:00+00:00,0.00218513,0.00697874
2025-10-16 00:00:00+00:00,0.00127303,0.00597006
2025-10-17 00:00:00+00:00,-0.00258907,-0.00868702
2025-10-20 00:00:00+00:00,0.01631488,0.02604366
2025-10-21 00:00:00+00:00,-0.00681865,-0.02128556
2025-10-22 00:00:00+00:00,-0.00184544,-0.00699307
2025-10-23 00:00:00+00:00,0.00685166,0.00886094
2025-10-24 00:00:00+00:00,0.00037307,0.00410815
2025-10-27 00:00:00+00:00,0.00341146,0.00154142
2025-10-28 00:00:00+00:00,-0.00088328,0.00122729
2025-10-29 00:00:00+00:00,-0.00052157,0.00229587
2025-10-30 00:00:00+00:00,0.00998310,0.00794309
2025-10-31 00:00:00+00:00,0.00374211,0.00287694
2025-11-03 00:00:00+00:00,0.00331568,0.00420264
2025-11-04 00:00:00+00:00,-0.00545468,-0.01302390
2025-11-05 00:00:00+00:00,0.00001998,0.00509197
2025-11-06 00:00:00+00:00,-0.00317215,-0.00757809
2025-11-07 00:00:00+00:00,0.00106747,0.00022480
2025-11-10 00:00:00+00:00,0.01001715,0.02276797
2025-11-11 00:00:00+00:00,0.00654120,0.00398098
2025-11-12 00:00:00+00:00,0.00299146,0.01083666
2025-11-13 00:00:00+00:00,-0.00278586,-0.01160845
2025-11-14 00:00:00+00:00,-0.00719204,-0.01166276
2025-11-17 00:00:00+00:00,-0.00307746,-0.00909104
2025-11-18 00:00:00+00:00,-0.00061319,-0.00654416
2025-11-19 00:00:00+00:00,0.00035319,0.00231857
2025-11-20 00:00:00+00:00,-0.00744951,-0.01446209
2025-11-21 00:00:00+00:00,0.00437554,0.00448189
2025-11-24 00:00:00+00:00,0.00482838,0.00927837
2025-11-25 00:00:00+00:00,0.00268922,0.00433809
2025-11-26 00:00:00+00:00,0.00921503,0.01318241
2025-11-28 00:00:00+00:00,0.01192126,0.02236216
2025-12-01 00:00:00+00:00,0.00026926,0.00365891
2025-12-02 00:00:00+00:00,-0.00172264,-0.00325353
2025-12-03 00:00:00+00:00,0.00365956,0.00126861
2025-12-04 00:00:00+00:00,0.00200925,-0.00050564
2025-12-05 00:00:00+00:00,0.00355229,0.00492085
2025-12-08 00:00:00+00:00,-0.00851017,-0.01152491
2025-12-09 00:00:00+00:00,-0.00183971,0.00051435
2025-12-10 00:00:00+00:00,0.00253835,0.00231920
2025-12-11 00:00:00+00:00,0.00153210,0.00604359
2025-12-12 00:00:00+00:00,-0.00948616,-0.01480516
2025-12-15 00:00:00+00:00,-0.00022793,0.00011869
2025-12-16 00:00:00+00:00,-0.00545267,-0.00317155
2025-12-17 00:00:00+00:00,0.00458236,0.00172571
2025-12-18 00:00:00+00:00,-0.00064778,0.00166766
2025-12-19 00:00:00+00:00,0.00413306,0.00820437
2025-12-22 00:00:00+00:00,0.00914355,0.01823274
2025-12-23 00:00:00+00:00,0.01099451,0.01558539
2025-12-24 00:00:00+00:00,0.00057233,0.00022625
2025-12-26 00:00:00+00:00,0.00451357,0.01230483
2025-12-29 00:00:00+00:00,-0.00466323,-0.01668076
2025-12-30 00:00:00+00:00,-0.00379849,0.00276977
2025-12-31 00:00:00+00:00,-0.01483948,-0.02201682
2026-01-02 00:00:00+00:00,-0.00104800,-0.00139515
2026-01-05 00:00:00+00:00,0.01092528,0.00904403
2026-01-06 00:00:00+00:00,0.00211788,0.00792498
2026-01-07 00:00:00+00:00,-0.00068078,-0.00498356
2026-01-08 00:00:00+00:00,-0.00270387,-0.00327814
2026-01-09 00:00:00+00:00,0.00293660,0.00665337
2026-01-12 00:00:00+00:00,0.00744648,0.01151649
2026-01-13 00:00:00+00:00,0.00173160,-0.00068551
2026-01-14 00:00:00+00:00,0.00032246,0.00297729
2026-01-15 00:00:00+00:00,-0.00032777,0.00340232
2026-01-16 00:00:00+00:00,-0.00367933,-0.00440636
2026-01-20 00:00:00+00:00,0.01810659,-0.00288075
2026-01-21 00:00:00+00:00,0.02051353,0.01183566
2026-01-22 00:00:00+00:00,0.00608942,0.01051740
2026-01-23 00:00:00+00:00,0.00954396,0.00328087
2026-01-26 00:00:00+00:00,0.02815967,0.01596831
2026-01-27 00:00:00+00:00,-0.00179852,-0.00327403
2026-01-28 00:00:00+00:00,0.01368172,0.02110892
2026-01-29 00:00:00+00:00,-0.02698654,-0.02689532
2026-01-30 00:00:00+00:00,-0.02273170,-0.05859818
2026-02-02 00:00:00+00:00,-0.02081852,-0.01586678
2026-02-03 00:00:00+00:00,0.01033354,0.00615084
2026-02-04 00:00:00+00:00,0.00619526,-0.00071118
2026-02-05 00:00:00+00:00,-0.00786916,-0.00921097
2026-02-06 00:00:00+00:00,0.00505997,0.00510162
2026-02-09 00:00:00+00:00,0.00287919,0.00748770
2026-02-10 00:00:00+00:00,-0.00174538,0.00008151
2026-02-11 00:00:00+00:00,0.00341505,0.00234183
2026-02-12 00:00:00+00:00,-0.01116494,-0.01453939
2026-02-13 00:00:00+00:00,0.00481985,0.00510076
2026-02-17 00:00:00+00:00,-0.01027238,-0.00623209
2026-02-18 00:00:00+00:00,0.00763169,0.00630955
2026-02-19 00:00:00+00:00,0.00040936,-0.00333831
2026-02-20 00:00:00+00:00,0.00691749,0.00470002
2026-02-23 00:00:00+00:00,0.00110542,0.00309826
2026-02-24 00:00:00+00:00,0.00029989,0.00132084
2026-02-25 00:00:00+00:00,0.00473585,0.00866212
2026-02-26 00:00:00+00:00,-0.00329493,-0.00496194
2026-02-27 00:00:00+00:00,0.00649754,-0.00123576
2026-03-02 00:00:00+00:00,0.00175546,0.00127882
2026-03-03 00:00:00+00:00,-0.00365025,-0.01760964
2026-03-04 00:00:00+00:00,-0.00174468,0.00858591
2026-03-05 00:00:00+00:00,0.00384422,-0.00912662
2026-03-06 00:00:00+00:00,0.01228285,-0.00994138
2026-03-09 00:00:00+00:00,0.00123005,0.00720797
2026-03-10 00:00:00+00:00,-0.00321029,0.00571686
2026-03-11 00:00:00+00:00,0.00336330,0.00025999
2026-03-12 00:00:00+00:00,0.00145713,-0.00067991
2026-03-13 00:00:00+00:00,-0.00470591,-0.00450489
2026-03-16 00:00:00+00:00,-0.00675363,-0.00324193
2026-03-17 00:00:00+00:00,0.00323237,0.00683284
2026-03-18 00:00:00+00:00,-0.00524709,-0.01545524
2026-03-19 00:00:00+00:00,-0.00662056,-0.01587141
2026-03-20 00:00:00+00:00,-0.00370452,-0.00074785
2026-03-23 00:00:00+00:00,-0.01207891,-0.01706176
2026-03-24 00:00:00+00:00,0.00340040,0.00491811
2026-03-25 00:00:00+00:00,0.00796537,0.01205611
2026-03-26 00:00:00+00:00,-0.00823293,-0.01875569
2026-03-27 00:00:00+00:00,0.00252524,0.00137939
2026-03-30 00:00:00+00:00,-0.00260417,-0.00100095
2026-03-31 00:00:00+00:00,0.01288278,0.02884511
2026-04-01 00:00:00+00:00,0.00252389,0.01148999
2026-04-02 00:00:00+00:00,0.00285175,0.00863433
2026-04-06 00:00:00+00:00,0.00148049,0.00425708
2026-04-07 00:00:00+00:00,0.00004289,0.00054755
2026-04-08 00:00:00+00:00,-0.00035819,0.00471820
2026-04-09 00:00:00+00:00,0.00348305,0.01082619
2026-04-10 00:00:00+00:00,-0.00190851,-0.00299851
2026-04-13 00:00:00+00:00,0.00219981,0.00909759
2026-04-14 00:00:00+00:00,0.00345844,0.00815371
2026-04-15 00:00:00+00:00,0.00304651,0.00466348
2026-04-16 00:00:00+00:00,0.00204909,0.00472172
2026-04-17 00:00:00+00:00,0.00185262,0.00419777
2026-04-20 00:00:00+00:00,0.00258860,0.00455347
2026-04-21 00:00:00+00:00,-0.00352751,-0.00890912
2026-04-22 00:00:00+00:00,0.00472483,0.01152969
2026-04-23 00:00:00+00:00,-0.00455663,-0.00316790
2026-04-24 00:00:00+00:00,-0.00093829,0.00645628
2026-04-27 00:00:00+00:00,0.00254848,0.00022920
2026-04-28 00:00:00+00:00,-0.00008101,-0.00652117
2026-04-29 00:00:00+00:00,0.00222238,0.00142599
2026-04-30 00:00:00+00:00,0.00809454,0.01315240
2026-05-01 00:00:00+00:00,0.00183151,0.00423547
2026-05-04 00:00:00+00:00,0.00006580,-0.00523916
2026-05-05 00:00:00+00:00,-0.00234371,0.00726211
2026-05-06 00:00:00+00:00,0.00190490,0.01337707
2026-05-07 00:00:00+00:00,0.00075711,-0.00216291
2026-05-08 00:00:00+00:00,0.00494033,0.01169427
2026-05-11 00:00:00+00:00,0.01048608,0.00952241
2026-05-12 00:00:00+00:00,0.00033604,-0.00385319
2026-05-13 00:00:00+00:00,0.00320733,0.00671845
2026-05-14 00:00:00+00:00,-0.00447240,0.00027294
2026-05-15 00:00:00+00:00,-0.00909287,-0.02018657
2026-05-18 00:00:00+00:00,0.00670036,-0.00072173
2026-05-19 00:00:00+00:00,-0.00315113,-0.01006797
2026-05-20 00:00:00+00:00,-0.00340030,0.00654849
2026-05-21 00:00:00+00:00,0.00009892,0.00252448
2026-05-22 00:00:00+00:00,-0.00104123,0.00291964
2026-05-26 00:00:00+00:00,0.00062397,0.00846535
2026-05-27 00:00:00+00:00,-0.00288120,-0.00939116
2026-05-28 00:00:00+00:00,0.00919206,0.00811691
2026-05-29 00:00:00+00:00,-0.00080204,0.00145832
2026-06-01 00:00:00+00:00,-0.00099677,0.00125320
2026-06-02 00:00:00+00:00,0.00157696,0.00688616
2026-06-03 00:00:00+00:00,-0.00431525,-0.00686525
2026-06-04 00:00:00+00:00,0.00088251,0.00212400
2026-06-05 00:00:00+00:00,-0.01972340,-0.04034385
2026-06-08 00:00:00+00:00,-0.00113749,0.00795028
2026-06-09 00:00:00+00:00,-0.00676330,-0.01272383
2026-06-10 00:00:00+00:00,-0.00389901,-0.01505010
2026-06-11 00:00:00+00:00,0.00101404,0.01619361
2026-06-12 00:00:00+00:00,0.00621074,0.01220337
2026-06-15 00:00:00+00:00,0.00441171,0.01248260
2026-06-16 00:00:00+00:00,-0.00263352,-0.01413314
2026-06-17 00:00:00+00:00,0.00018121,-0.00055889
2026-06-18 00:00:00+00:00,0.00115109,0.00462614
2026-06-22 00:00:00+00:00,-0.00192572,0.00811590
2026-06-23 00:00:00+00:00,-0.01529898,-0.02283342
2026-06-24 00:00:00+00:00,-0.00693594,-0.00867934
2026-06-25 00:00:00+00:00,0.00763374,0.00440889
2026-06-26 00:00:00+00:00,-0.00400890,-0.00193081
2026-06-29 00:00:00+00:00,-0.00119782,0.00766337
2026-06-30 00:00:00+00:00,0.00599268,0.00818334
2026-07-01 00:00:00+00:00,-0.00055707,-0.00222589
2026-07-02 00:00:00+00:00,0.00053162,-0.00448262
2026-07-06 00:00:00+00:00,0.01000669,0.00942027
2026-07-07 00:00:00+00:00,-0.00050617,-0.00940607
2026-07-08 00:00:00+00:00,-0.00559315,-0.00773592
2026-07-09 00:00:00+00:00,-0.00044626,0.01343558
2026-07-10 00:00:00+00:00,-0.00067362,-0.00047566
2026-07-13 00:00:00+00:00,-0.00201980,-0.01436407
2026-07-14 00:00:00+00:00,0.00443996,0.00780487
2026-07-15 00:00:00+00:00,0.00160337,-0.00099842
2026-07-16 00:00:00+00:00,-0.00623623,-0.00854699
2026-07-17 00:00:00+00:00,0.00302776,-0.00731134
2026-07-20 00:00:00+00:00,0.00021048,-0.00134039
2026-07-21 00:00:00+00:00,0.00718549,0.01803554
2026-07-22 00:00:00+00:00,0.00573814,0.00299539
2026-07-23 00:00:00+00:00,-0.00336870,-0.00972874
2026-07-24 00:00:00+00:00,-0.00251697,-0.00669269
2026-07-27 00:00:00+00:00,-0.00927461,-0.00568608
2026-07-28 00:00:00+00:00,-0.00391585,-0.00372823
2026-07-29 00:00:00+00:00,-0.00233643,-0.00920516
2026-07-30 00:00:00+00:00,0.00628209,0.00731901
2026-07-31 00:00:00+00:00,-0.00249278,-0.00348864
2026-08-03 00:00:00+00:00,0.00242189,-0.00054706
2026-08-04 00:00:00+00:00,0.00185227,0.00932151
2026-08-05 00:00:00+00:00,0.00278654,-0.00211935
2026-08-06 00:00:00+00:00,-0.00134152,0.00010109
2026-08-07 00:00:00+00:00,0.00676958,0.00947690
2026-08-10 00:00:00+00:00,0.00718547,0.00453056
2026-08-11 00:00:00+00:00,-0.00026828,0.00169110
2026-08-12 00:00:00+00:00,0.00691578,0.00657144
2026-08-13 00:00:00+00:00,-0.00361368,-0.00165981
2026-08-14 00:00:00+00:00,0.00196597,0.00314146
2026-08-17 00:00:00+00:00,0.00398834,0.00458031
2026-08-18 00:00:00+00:00,-0.00277679,-0.01439116
2026-08-19 00:00:00+00:00,0.00875114,0.01094719
2026-08-20 00:00:00+00:00,0.00005118,0.00091974
2026-08-21 00:00:00+00:00,0.00549650,0.01009989
2026-08-24 00:00:00+00:00,-0.00183923,-0.00737038
2026-08-25 00:00:00+00:00,0.00133062,0.00032506
2026-08-26 00:00:00+00:00,0.00298169,-0.00346702
2026-08-27 00:00:00+00:00,0.00338132,0.00645727
2026-08-28 00:00:00+00:00,-0.00414692,-0.01428790
2026-08-31 00:00:00+00:00,-0.00002039,-0.00311197
2026-09-01 00:00:00+00:00,-0.00069586,-0.00318412
2026-09-02 00:00:00+00:00,0.00289046,0.00111892
2026-09-03 00:00:00+00:00,0.00517109,0.01274268
2026-09-04 00:00:00+00:00,-0.00269110,-0.00612574
2026-09-08 00:00:00+00:00,-0.00253269,-0.00076480
2026-09-09 00:00:00+00:00,-0.00122103,0.00159907
2026-09-10 00:00:00+00:00,-0.00127570,0.00473042
2026-09-11 00:00:00+00:00,-0.00190298,-0.00928951
2026-09-14 00:00:00+00:00,-0.00071645,-0.00188295
2026-09-15 00:00:00+00:00,0.00547815,0.02192650
2026-09-16 00:00:00+00:00,-0.00201390,-0.00229224
2026-09-17 00:00:00+00:00,0.00229034,-0.00068575
2026-09-18 00:00:00+00:00,-0.00096730,-0.00561195
